Timestamp,Source,Name,Phone,Email,Concern,URL,TeleCRM
"6/8/2026, 1:21:14 pm",Hero Form,Rajesh Kumar,7859641230,rajeshk@growmedico.com,Root canal treatment,http://localhost:3000/,Not configured
"6/8/2026, 1:23:47 pm",Hero Form,Rajesh Kumar,7859641230,rajeshk@growmedico.com,Tooth pain,http://localhost:3000/,Not configured
"6/8/2026, 1:26:26 pm",Hero Form,Rajesh Kumar,7854120369,rajeshk@growmedico.com,Root canal treatment,http://localhost:3000/,Not configured
"6/8/2026, 1:29:25 pm",Hero Form,Rajesh Kumar,7859641230,rajeshk@growmedico.com,Root canal treatment,http://localhost:3000/,Not configured
"6/8/2026, 1:31:11 pm",Root-Canal-Form,Rajesh Kumar,7859641230,rajeshk@growmedico.com,Tooth pain,http://localhost:3000/,Not configured
"6/8/2026, 1:33:27 pm",Root-Canal-Form,Rajesh Kumar,7854120369,rajeshk@growmedico.com,Root canal treatment,http://localhost:3000/,Not configured
"11/8/2026, 2:41:57 pm",Dental Implant Consultation,testing1,7859641230,,Loose or Failing Implant,http://localhost:3000/dental-implant,Not configured
"11/8/2026, 2:44:43 pm",Dental Implant Consultation,testing2,7859641231,,Full Mouth Rehabilitation,http://localhost:3000/dental-implant,Not configured
"11/8/2026, 2:45:16 pm",Root-Canal-Form,Rajesh Kumar,7859641234,rajeshk@growmedico.com,Root canal treatment,http://localhost:3000/,Not configured
"20/8/2026, 5:12:57 pm",Root-Canal-Form,testing telecrm,7859641238,telecrm@growmedico.com,Root canal treatment,http://localhost:3002/,TeleCRM lead confirmed
"20/8/2026, 5:15:35 pm",Dental Implant Consultation,dental-telecrm-testing,7859641231,,Loose or Failing Implant,http://localhost:3002/dental-implant,TeleCRM lead confirmed
"30/9/2026, 1:45:21 pm",Root-Canal-Form,Rajesh Kumar,9669641230,rajeshk@growmedico.com,Root canal treatment,http://localhost:3000/,TeleCRM lead confirmed
"30/9/2026, 4:23:45 pm",Generic Consult,Rajesh Kumar,7859641230,rajeshk@growmedico.com,Root Canal Treatment,http://localhost:3000/generic,TeleCRM lead confirmed
"30/9/2026, 4:29:08 pm",Generic Consult,testing1,7859641237,rajeshk@growmedico.com,Dental Implants,http://localhost:3000/generic,TeleCRM lead confirmed
"30/9/2026, 4:30:02 pm",Root-Canal-Form,trdting,7859641230,rajeshk@growmedico.com,Root canal treatment,http://localhost:3000/root-canal,TeleCRM lead confirmed
"30/9/2026, 4:30:42 pm",Dental Implant Consultation,testing,7412580365,,Loose or Failing Implant,http://localhost:3000/dental-implant,TeleCRM lead confirmed
